rowid,country,country_long,name,gppd_idnr,capacity_mw,latitude,longitude,primary_fuel,other_fuel1,other_fuel2,other_fuel3,commissioning_year,owner,source,url,geolocation_source,wepp_id,year_of_capacity_data,generation_gwh_2013,generation_gwh_2014,generation_gwh_2015,generation_gwh_2016,generation_gwh_2017,generation_gwh_2018,generation_gwh_2019,generation_data_source,estimated_generation_gwh_2013,estimated_generation_gwh_2014,estimated_generation_gwh_2015,estimated_generation_gwh_2016,estimated_generation_gwh_2017,estimated_generation_note_2013,estimated_generation_note_2014,estimated_generation_note_2015,estimated_generation_note_2016,estimated_generation_note_2017
18315,PHL,Philippines,AGUS 1,WRI1001957,80.0,8.0046,124.2868,Hydro,,,,,,Philippines Department of Energy,https://www.doe.gov.ph/list-existing-power-plants,GEODB,1023463,,,,,,,,,,249.0,294.22,202.59,249.44,294.89,HYDRO-V1,HYDRO-V1,HYDRO-V1,HYDRO-V1,HYDRO-V1
18316,PHL,Philippines,AGUS 2,WRI1001958,180.0,8.0528,124.2709,Hydro,,,,,,Philippines Department of Energy,https://www.doe.gov.ph/list-existing-power-plants,GEODB,1023464,,,,,,,,,,496.13,598.69,404.5,513.8,602.53,HYDRO-V1,HYDRO-V1,HYDRO-V1,HYDRO-V1,HYDRO-V1
18317,PHL,Philippines,AGUS 4,WRI1001959,158.1,8.1336,124.1983,Hydro,,,,,,Philippines Department of Energy,https://www.doe.gov.ph/list-existing-power-plants,GEODB,1023466,,,,,,,,,,435.77,525.85,355.28,451.28,529.22,HYDRO-V1,HYDRO-V1,HYDRO-V1,HYDRO-V1,HYDRO-V1
18318,PHL,Philippines,AGUS 5,WRI1001960,309.0,8.1937,124.1915,Hydro,,,,,,Philippines Department of Energy,https://www.doe.gov.ph/list-existing-power-plants,GEODB,,,,,,,,,,,699.04,830.38,644.03,776.63,830.38,HYDRO-V1,HYDRO-V1,HYDRO-V1,HYDRO-V1,HYDRO-V1
18319,PHL,Philippines,AMBUKLAO,WRI1001902,105.0,16.4588,120.7452,Hydro,,,,,,Philippines Department of Energy,https://www.doe.gov.ph/list-existing-power-plants,GEODB,1023471,,,,,,,,,,291.12,341.11,256.88,310.87,335.9,HYDRO-V1,HYDRO-V1,HYDRO-V1,HYDRO-V1,HYDRO-V1
18320,PHL,Philippines,ANGAT,WRI1001900,246.0,14.9098,121.1603,Hydro,,,,,,Philippines Department of Energy,https://www.doe.gov.ph/list-existing-power-plants,GEODB,1023474,,,,,,,,,,515.0,619.56,561.56,589.82,619.56,HYDRO-V1,HYDRO-V1,HYDRO-V1,HYDRO-V1,HYDRO-V1
18321,PHL,Philippines,Anda,WRI1029959,83.7,15.2342,120.6109,Coal,,,,2016.0,Anda Power Corporation,Philippines Department of Energy,https://www.doe.gov.ph/list-existing-power-plants,WRI,,,,,,,,,,,,,,,527.43,NO-ESTIMATION,NO-ESTIMATION,NO-ESTIMATION,NO-ESTIMATION,CAPACITY-FACTOR-V1
18322,PHL,Philippines,Armenia Solar,WRI1029964,8.8,15.4605,120.5918,Solar,,,,2016.0,nv vogt Philippines Solar Energy Four  Inc. (nv vogt 4),Philippines Department of Energy,https://www.doe.gov.ph/list-existing-power-plants,WRI,,,,,,,,,,,,,,,15.43,NO-ESTIMATION,NO-ESTIMATION,NO-ESTIMATION,NO-ESTIMATION,SOLAR-V1
18323,PHL,Philippines,Avion,WRI1029960,100.0,13.7606,121.046,Gas,,,,2016.0,Prime Meridian PowerGen Corp.,Philippines Department of Energy,https://www.doe.gov.ph/list-existing-power-plants,WRI,1102334,,,,,,,,,,,,,,718.75,NO-ESTIMATION,NO-ESTIMATION,NO-ESTIMATION,NO-ESTIMATION,CAPACITY-FACTOR-V1
18324,PHL,Philippines,BACMAN,WRI1001889,130.0,13.0547,123.9678,Geothermal,,,,,,Philippines Department of Energy,https://www.doe.gov.ph/list-existing-power-plants,GEODB,1023478|1106851,,,,,,,,,,,,,,687.0,NO-ESTIMATION,NO-ESTIMATION,NO-ESTIMATION,NO-ESTIMATION,CAPACITY-FACTOR-V1
18325,PHL,Philippines,BAJADA DPP,WRI1001966,58.7,7.0731,125.6128,Oil,,,,,,Philippines Department of Energy,https://www.doe.gov.ph/list-existing-power-plants,CARMA,,,,,,,,,,,,,,,45.22,NO-ESTIMATION,NO-ESTIMATION,NO-ESTIMATION,NO-ESTIMATION,CAPACITY-FACTOR-V1
18326,PHL,Philippines,BAKUN,WRI1001904,70.0,16.8861,120.5304,Hydro,,,,,,Philippines Department of Energy,https://www.doe.gov.ph/list-existing-power-plants,CARMA,1022084,,,,,,,,,,193.25,240.11,195.13,206.19,242.93,HYDRO-V1,HYDRO-V1,HYDRO-V1,HYDRO-V1,HYDRO-V1
18327,PHL,Philippines,BANGUI WIND POWER,WRI1001906,33.0,18.5658,120.7275,Wind,,,,,,Philippines Department of Energy,https://www.doe.gov.ph/list-existing-power-plants,CARMA,1056055,,,,,,,,,,,,,,84.53,NO-ESTIMATION,NO-ESTIMATION,NO-ESTIMATION,NO-ESTIMATION,CAPACITY-FACTOR-V1
18328,PHL,Philippines,BAUANG DPP,WRI1001879,235.2,16.4907,120.3261,Oil,,,,,,Philippines Department of Energy,https://www.doe.gov.ph/list-existing-power-plants,GEODB,1010796,,,,,,,,,,,,,,181.2,NO-ESTIMATION,NO-ESTIMATION,NO-ESTIMATION,NO-ESTIMATION,CAPACITY-FACTOR-V1
18329,PHL,Philippines,BINGA,WRI1001903,132.0,16.3944,120.729,Hydro,,,,,,Philippines Department of Energy,https://www.doe.gov.ph/list-existing-power-plants,GEODB,1023482,,,,,,,,,,330.08,439.37,289.83,353.7,394.54,HYDRO-V1,HYDRO-V1,HYDRO-V1,HYDRO-V1,HYDRO-V1
18330,PHL,Philippines,BOTOCAN,WRI1001899,22.8,14.1463,121.4729,Hydro,,,,,,Philippines Department of Energy,https://www.doe.gov.ph/list-existing-power-plants,CARMA,1023486,,,,,,,,,,57.91,67.39,50.09,62.1,67.39,HYDRO-V1,HYDRO-V1,HYDRO-V1,HYDRO-V1,HYDRO-V1
18331,PHL,Philippines,Balingasag power station,WRI1030489,165.0,8.7662,124.7685,Coal,,,,2017.0,Minergy Coal Corporation,GCPT,https://endcoal.org/global-coal-plant-tracker/,WRI,,,,,,,,,,,,,,,1039.74,NO-ESTIMATION,NO-ESTIMATION,NO-ESTIMATION,NO-ESTIMATION,CAPACITY-FACTOR-V1
18332,PHL,Philippines,Bangui Wind Power Ph3,WRI1001907,18.9,18.5658,120.7275,Wind,,,,,,Philippines Department of Energy,https://www.doe.gov.ph/list-existing-power-plants,CARMA,,,,,,,,,,,,,,,48.41,NO-ESTIMATION,NO-ESTIMATION,NO-ESTIMATION,NO-ESTIMATION,CAPACITY-FACTOR-V1
18333,PHL,Philippines,Burgos,WKS0065263,4.1,18.528,120.6378,Solar,,,,,,Wiki-Solar,https://www.wiki-solar.org,Wiki-Solar,,,,,,,,,,,7.6,7.93,7.26,7.62,7.57,SOLAR-V1-NO-AGE,SOLAR-V1-NO-AGE,SOLAR-V1-NO-AGE,SOLAR-V1-NO-AGE,SOLAR-V1-NO-AGE
18334,PHL,Philippines,CALIBU DPP,WRI1001912,30.0,15.1114,120.6053,Oil,,,,,,Philippines Department of Energy,https://www.doe.gov.ph/list-existing-power-plants,CARMA,1064229,,,,,,,,,,,,,,23.11,NO-ESTIMATION,NO-ESTIMATION,NO-ESTIMATION,NO-ESTIMATION,CAPACITY-FACTOR-V1
18335,PHL,Philippines,CALIRAYA,WRI1001898,35.0,14.2992,121.4705,Hydro,,,,,,Philippines Department of Energy,https://www.doe.gov.ph/list-existing-power-plants,GEODB,1023490,,,,,,,,,,82.18,101.01,81.93,94.9,104.16,HYDRO-V1,HYDRO-V1,HYDRO-V1,HYDRO-V1,HYDRO-V1
18336,PHL,Philippines,CASA,WRI1001947,15.0,14.5481,120.9969,Biomass,,,,,,Philippines Department of Energy,https://www.doe.gov.ph/list-existing-power-plants,CARMA,1070001,,,,,,,,,,,,,,,NO-ESTIMATION,NO-ESTIMATION,NO-ESTIMATION,NO-ESTIMATION,NO-ESTIMATION
18337,PHL,Philippines,CASECNAN (NIA),WRI1001905,165.0,15.8462,121.1998,Hydro,,,,,,Philippines Department of Energy,https://www.doe.gov.ph/list-existing-power-plants,GEODB,,,,,,,,,,,362.85,432.98,389.24,408.23,432.98,HYDRO-V1,HYDRO-V1,HYDRO-V1,HYDRO-V1,HYDRO-V1
18338,PHL,Philippines,CEBU DPP (Salcon),WRI1001938,43.4,10.2185,123.7577,Oil,,,,,,Philippines Department of Energy,https://www.doe.gov.ph/list-existing-power-plants,GEODB,,,,,,,,,,,,,,,33.43,NO-ESTIMATION,NO-ESTIMATION,NO-ESTIMATION,NO-ESTIMATION,CAPACITY-FACTOR-V1
18339,PHL,Philippines,CEBU TPP(Salcon),WRI1001921,106.8,10.2185,123.7577,Coal,,,,,,Philippines Department of Energy,https://www.doe.gov.ph/list-existing-power-plants,GEODB,,,,,,,,,,,,,,,673.0,NO-ESTIMATION,NO-ESTIMATION,NO-ESTIMATION,NO-ESTIMATION,CAPACITY-FACTOR-V1
18340,PHL,Philippines,COTABATO LIGHT,WRI1001965,10.0,7.2236,124.2464,Oil,,,,,,Philippines Department of Energy,https://www.doe.gov.ph/list-existing-power-plants,CARMA,1013380,,,,,,,,,,,,,,7.7,NO-ESTIMATION,NO-ESTIMATION,NO-ESTIMATION,NO-ESTIMATION,CAPACITY-FACTOR-V1
18341,PHL,Philippines,CW Home Depot Solar,WRI1030484,1.7,14.2666,121.079,Solar,,,,2017.0,CW Marketing & Development Corporation,Philippines Department of Energy,https://www.doe.gov.ph/list-existing-power-plants,WRI,,,,,,,,,,,,,,,2.3,NO-ESTIMATION,NO-ESTIMATION,NO-ESTIMATION,NO-ESTIMATION,CAPACITY-FACTOR-V1
18342,PHL,Philippines,Cabanatuan Solar,WRI1023900,10.3,15.4968,120.9921,Solar,,,,2016.0,First Cabanatuan Renewable Ventures  Inc.,Philippines Department of Energy,https://www.doe.gov.ph/list-existing-power-plants,WRI,1113177,,,,,,,,,,,,,,18.96,NO-ESTIMATION,NO-ESTIMATION,NO-ESTIMATION,NO-ESTIMATION,SOLAR-V1
18343,PHL,Philippines,Calaca power station,WRI1001870,900.0,13.9303,120.7886,Coal,,,,2007.0,SEM-Calaca Power Corp,GCPT,https://endcoal.org/global-coal-plant-tracker/,GEODB,1023488,,,,,,,,,,,,,,5671.35,NO-ESTIMATION,NO-ESTIMATION,NO-ESTIMATION,NO-ESTIMATION,CAPACITY-FACTOR-V1
18344,PHL,Philippines,Calatagan Solar,WRI1023901,63.3,13.9155,120.6498,Solar,,,,2016.0,Solar Philippines Calatagan Cororation,Philippines Department of Energy,https://www.doe.gov.ph/list-existing-power-plants,WRI,1107183,,,,,,,,,,,,,,127.73,NO-ESTIMATION,NO-ESTIMATION,NO-ESTIMATION,NO-ESTIMATION,SOLAR-V1
18345,PHL,Philippines,Calumangan DPP,WRI1023893,23.0,10.581,122.8878,Oil,,,,2016.0,Central Negros Power Reliability Inc.,Philippines Department of Energy,https://www.doe.gov.ph/list-existing-power-plants,WRI,,,,,,,,,,,,,,,17.71,NO-ESTIMATION,NO-ESTIMATION,NO-ESTIMATION,NO-ESTIMATION,CAPACITY-FACTOR-V1
18346,PHL,Philippines,Cavite,WKS0061756,3.0,14.42,120.88,Solar,,,,,,Wiki-Solar,https://www.wiki-solar.org,Wiki-Solar,,,,,,,,,,,5.51,6.02,6.05,5.65,5.45,SOLAR-V1-NO-AGE,SOLAR-V1-NO-AGE,SOLAR-V1-NO-AGE,SOLAR-V1-NO-AGE,SOLAR-V1-NO-AGE
18347,PHL,Philippines,Cavite Economic,WKS0065747,41.3,14.417,120.875,Solar,,,,,,Wiki-Solar,https://www.wiki-solar.org,Wiki-Solar,,,,,,,,,,,75.74,85.13,95.8,83.86,77.79,SOLAR-V1-NO-AGE,SOLAR-V1-NO-AGE,SOLAR-V1-NO-AGE,SOLAR-V1-NO-AGE,SOLAR-V1-NO-AGE
18348,PHL,Philippines,Centrala,WKS0062351,6.2,6.3338,124.7444,Solar,,,,,,Wiki-Solar,https://www.wiki-solar.org,Wiki-Solar,,,,,,,,,,,11.47,12.13,12.48,12.19,10.92,SOLAR-V1-NO-AGE,SOLAR-V1-NO-AGE,SOLAR-V1-NO-AGE,SOLAR-V1-NO-AGE,SOLAR-V1-NO-AGE
18349,PHL,Philippines,Clark Solar,WRI1023905,22.3,15.0736,120.5893,Solar,,,,2016.0,Enfinity Phillippines Renewable Resources Inc.,Philippines Department of Energy,https://www.doe.gov.ph/list-existing-power-plants,WRI,1090026,,,,,,,,,,,,,,41.11,NO-ESTIMATION,NO-ESTIMATION,NO-ESTIMATION,NO-ESTIMATION,SOLAR-V1
18350,PHL,Philippines,Concepcion,WKS0065447,100.0,15.335,120.695,Solar,,,,,,Wiki-Solar,https://www.wiki-solar.org,Wiki-Solar,,,,,,,,,,,183.07,208.92,224.64,190.63,184.92,SOLAR-V1-NO-AGE,SOLAR-V1-NO-AGE,SOLAR-V1-NO-AGE,SOLAR-V1-NO-AGE,SOLAR-V1-NO-AGE
18351,PHL,Philippines,Cosmo Solar,WRI1030488,5.7,10.6163,122.1683,Solar,,,,2017.0,Cosmo Solar Energy  Inc,Philippines Department of Energy,https://www.doe.gov.ph/list-existing-power-plants,WRI,1105289,,,,,,,,,,,,,,7.73,NO-ESTIMATION,NO-ESTIMATION,NO-ESTIMATION,NO-ESTIMATION,CAPACITY-FACTOR-V1
18352,PHL,Philippines,Currimao Solar,WRI1023902,20.0,18.0508,120.4858,Solar,,,,2016.0,Mirae Asia Energy Corp.,Philippines Department of Energy,https://www.doe.gov.ph/list-existing-power-plants,WRI,1094969,,,,,,,,,,,,,,41.29,NO-ESTIMATION,NO-ESTIMATION,NO-ESTIMATION,NO-ESTIMATION,SOLAR-V1
18353,PHL,Philippines,Dalayap,WKS0067801,7.4,15.5365,120.615,Solar,,,,,,Wiki-Solar,https://www.wiki-solar.org,Wiki-Solar,,,,,,,,,,,13.69,13.94,14.5,13.8,13.73,SOLAR-V1-NO-AGE,SOLAR-V1-NO-AGE,SOLAR-V1-NO-AGE,SOLAR-V1-NO-AGE,SOLAR-V1-NO-AGE
18354,PHL,Philippines,Davao San Miguel power station,WRI1029969,300.0,6.3943,125.6173,Coal,,,,2017.0,SMC Global Power Holdings,GCPT,https://endcoal.org/global-coal-plant-tracker/,WRI,,,,,,,,,,,,,,,1890.45,NO-ESTIMATION,NO-ESTIMATION,NO-ESTIMATION,NO-ESTIMATION,CAPACITY-FACTOR-V1
18355,PHL,Philippines,Davao Therma South power station,WRI1075845,300.0,6.9644,125.4797,Coal,,,,2016.0,ThermaSouth,GCPT,https://endcoal.org/global-coal-plant-tracker/,GCPT,,,,,,,,,,,,,,,1890.45,NO-ESTIMATION,NO-ESTIMATION,NO-ESTIMATION,NO-ESTIMATION,CAPACITY-FACTOR-V1
18356,PHL,Philippines,Digos Solar,WRI1023914,28.6,6.7718,125.2853,Solar,,,,2016.0,Enfinity Phillippines Renewable Resources Inc.,Philippines Department of Energy,https://www.doe.gov.ph/list-existing-power-plants,WRI,1107735,,,,,,,,,,,,,,51.3,NO-ESTIMATION,NO-ESTIMATION,NO-ESTIMATION,NO-ESTIMATION,SOLAR-V1
18357,PHL,Philippines,First Toledo Solar,WRI1030473,60.0,10.4152,123.6789,Solar,,,,2017.0,First Toledo Solar Energy Corporation,Philippines Department of Energy,https://www.doe.gov.ph/list-existing-power-plants,WRI,,,,,,,,,,,,,,,81.4,NO-ESTIMATION,NO-ESTIMATION,NO-ESTIMATION,NO-ESTIMATION,CAPACITY-FACTOR-V1
18358,PHL,Philippines,GUIMARAS POWER,WRI1001936,3.4,10.6584,122.5963,Oil,,,,,,Philippines Department of Energy,https://www.doe.gov.ph/list-existing-power-plants,CARMA,1061438,,,,,,,,,,,,,,2.61,NO-ESTIMATION,NO-ESTIMATION,NO-ESTIMATION,NO-ESTIMATION,CAPACITY-FACTOR-V1
18359,PHL,Philippines,Helios,WRI1023909,132.5,14.1033,121.5423,Solar,,,,2016.0,Helios Solar Energy Corporation (HSEC),Philippines Department of Energy,https://www.doe.gov.ph/list-existing-power-plants,WRI,,,,,,,,,,,,,,,242.79,NO-ESTIMATION,NO-ESTIMATION,NO-ESTIMATION,NO-ESTIMATION,SOLAR-V1
18360,PHL,Philippines,ILIJAN,WRI1001886,1271.0,13.622,121.0795,Gas,,,,,,Philippines Department of Energy,https://www.doe.gov.ph/list-existing-power-plants,GEODB,1020748,,,,,,,,,,,,,,9135.32,NO-ESTIMATION,NO-ESTIMATION,NO-ESTIMATION,NO-ESTIMATION,CAPACITY-FACTOR-V1
18361,PHL,Philippines,Islasol II,WRI1023911,32.0,10.4216,122.9348,Solar,,,,2016.0,Negros Island Solar Power Inc. (ILASOL),Philippines Department of Energy,https://www.doe.gov.ph/list-existing-power-plants,WRI,,,,,,,,,,,,,,,52.89,NO-ESTIMATION,NO-ESTIMATION,NO-ESTIMATION,NO-ESTIMATION,SOLAR-V1
18362,PHL,Philippines,Islasol III,WRI1030474,48.0,10.4249,122.9282,Solar,,,,2016.0,Negros Island Solar Power Inc. (ILASOL),Philippines Department of Energy,https://www.doe.gov.ph/list-existing-power-plants,WRI,,,,,,,,,,,,,,,79.34,NO-ESTIMATION,NO-ESTIMATION,NO-ESTIMATION,NO-ESTIMATION,SOLAR-V1
18363,PHL,Philippines,KALAYAAN PSPP,WRI1001896,739.2,14.3168,121.4739,Hydro,,,,,,Philippines Department of Energy,https://www.doe.gov.ph/list-existing-power-plants,GEODB,1023516,,,,,,,,,,1262.2,1859.73,1606.01,1749.99,1733.34,HYDRO-V1,HYDRO-V1,HYDRO-V1,HYDRO-V1,HYDRO-V1
18364,PHL,Philippines,Kibawe Solar,WRI1023913,10.5,7.5546,124.9616,Solar,,,,2016.0,AsiaGreen Energy Corporation,Philippines Department of Energy,https://www.doe.gov.ph/list-existing-power-plants,WRI,,,,,,,,,,,,,,,17.43,NO-ESTIMATION,NO-ESTIMATION,NO-ESTIMATION,NO-ESTIMATION,SOLAR-V1
18365,PHL,Philippines,Kirahon,WKS0061764,12.6,8.556,124.787,Solar,,,,,,Wiki-Solar,https://www.wiki-solar.org,Wiki-Solar,,,,,,,,,,,23.61,24.36,27.88,28.03,21.93,SOLAR-V1-NO-AGE,SOLAR-V1-NO-AGE,SOLAR-V1-NO-AGE,SOLAR-V1-NO-AGE,SOLAR-V1-NO-AGE
18366,PHL,Philippines,LEYTE GPP,WRI1001942,112.5,11.1308,124.6553,Geothermal,,,,,,Philippines Department of Energy,https://www.doe.gov.ph/list-existing-power-plants,GEODB,,,,,,,,,,,,,,,594.52,NO-ESTIMATION,NO-ESTIMATION,NO-ESTIMATION,NO-ESTIMATION,CAPACITY-FACTOR-V1
18367,PHL,Philippines,LIMAY CCGT,WRI1001884,620.0,14.5434,120.5987,Oil,,,,,,Philippines Department of Energy,https://www.doe.gov.ph/list-existing-power-plants,GEODB,,,,,,,,,,,,,,,477.66,NO-ESTIMATION,NO-ESTIMATION,NO-ESTIMATION,NO-ESTIMATION,CAPACITY-FACTOR-V1
18368,PHL,Philippines,La Carlota 2B,WKS0065288,14.0,10.424,122.928,Solar,,,,,,Wiki-Solar,https://www.wiki-solar.org,Wiki-Solar,,,,,,,,,,,25.79,25.0,28.7,27.46,24.24,SOLAR-V1-NO-AGE,SOLAR-V1-NO-AGE,SOLAR-V1-NO-AGE,SOLAR-V1-NO-AGE,SOLAR-V1-NO-AGE
18369,PHL,Philippines,Labne,WKS0070647,50.0,15.135,121.01,Solar,,,,,,Wiki-Solar,https://www.wiki-solar.org,Wiki-Solar,,,,,,,,,,,89.73,101.14,113.03,94.08,91.04,SOLAR-V1-NO-AGE,SOLAR-V1-NO-AGE,SOLAR-V1-NO-AGE,SOLAR-V1-NO-AGE,SOLAR-V1-NO-AGE
18370,PHL,Philippines,Leyte I,WKS0061762,30.4,11.085,124.629,Solar,,,,,,Wiki-Solar,https://www.wiki-solar.org,Wiki-Solar,,,,,,,,,,,54.92,51.2,68.35,64.39,50.29,SOLAR-V1-NO-AGE,SOLAR-V1-NO-AGE,SOLAR-V1-NO-AGE,SOLAR-V1-NO-AGE,SOLAR-V1-NO-AGE
18371,PHL,Philippines,Limay power station,WRI1075846,300.0,14.5204,120.6027,Coal,,,,2018.0,SMC Consolidated Power Corp,GCPT,https://endcoal.org/global-coal-plant-tracker/,GCPT,,,,,,,,,,,,,,,1890.45,NO-ESTIMATION,NO-ESTIMATION,NO-ESTIMATION,NO-ESTIMATION,CAPACITY-FACTOR-V1
18372,PHL,Philippines,MAGAT,WRI1001897,360.0,16.8293,121.4537,Hydro,,,,,,Philippines Department of Energy,https://www.doe.gov.ph/list-existing-power-plants,GEODB,1023522,,,,,,,,,,868.31,1059.83,900.21,947.6,1066.4,HYDRO-V1,HYDRO-V1,HYDRO-V1,HYDRO-V1,HYDRO-V1
18373,PHL,Philippines,MAKBAN,WRI1001888,442.8,14.0881,121.2264,Geothermal,,,,,,Philippines Department of Energy,https://www.doe.gov.ph/list-existing-power-plants,GEODB,,,,,,,,,,,,,,,2340.04,NO-ESTIMATION,NO-ESTIMATION,NO-ESTIMATION,NO-ESTIMATION,CAPACITY-FACTOR-V1
18374,PHL,Philippines,MAKBAN-Binary,WRI1001891,15.7,14.1447,121.3152,Geothermal,,,,,,Philippines Department of Energy,https://www.doe.gov.ph/list-existing-power-plants,CARMA,,,,,,,,,,,,,,,82.96,NO-ESTIMATION,NO-ESTIMATION,NO-ESTIMATION,NO-ESTIMATION,CAPACITY-FACTOR-V1
18375,PHL,Philippines,MALAYA,WRI1001883,650.0,14.3959,121.3337,Oil,,,,,,Philippines Department of Energy,https://www.doe.gov.ph/list-existing-power-plants,GEODB,1023523,,,,,,,,,,,,,,500.77,NO-ESTIMATION,NO-ESTIMATION,NO-ESTIMATION,NO-ESTIMATION,CAPACITY-FACTOR-V1
18376,PHL,Philippines,MANITO-Lowland,WRI1001892,1.5,13.1235,123.8693,Geothermal,,,,,,Philippines Department of Energy,https://www.doe.gov.ph/list-existing-power-plants,CARMA,1064221,,,,,,,,,,,,,,7.92,NO-ESTIMATION,NO-ESTIMATION,NO-ESTIMATION,NO-ESTIMATION,CAPACITY-FACTOR-V1
18377,PHL,Philippines,MT APO,WRI1001956,109.0,7.0083,125.0894,Geothermal,,,,,,Philippines Department of Energy,https://www.doe.gov.ph/list-existing-power-plants,CARMA,1025096,,,,,,,,,,,,,,576.02,NO-ESTIMATION,NO-ESTIMATION,NO-ESTIMATION,NO-ESTIMATION,CAPACITY-FACTOR-V1
18378,PHL,Philippines,Macabud,WKS0061758,30.0,14.795,121.145,Solar,,,,,,Wiki-Solar,https://www.wiki-solar.org,Wiki-Solar,,,,,,,,,,,53.56,60.64,67.35,55.79,54.22,SOLAR-V1-NO-AGE,SOLAR-V1-NO-AGE,SOLAR-V1-NO-AGE,SOLAR-V1-NO-AGE,SOLAR-V1-NO-AGE
18379,PHL,Philippines,Manaoag,WKS0070660,20.0,16.02,120.43,Solar,,,,,,Wiki-Solar,https://www.wiki-solar.org,Wiki-Solar,,,,,,,,,,,36.86,40.51,45.86,40.3,37.49,SOLAR-V1-NO-AGE,SOLAR-V1-NO-AGE,SOLAR-V1-NO-AGE,SOLAR-V1-NO-AGE,SOLAR-V1-NO-AGE
18380,PHL,Philippines,Mariveles Power Plant,WRI1001875,600.0,14.4252,120.537,Coal,,,,2013.0,Sithe GN Power,GCPT,https://endcoal.org/global-coal-plant-tracker/,GCPT,1054104,,,,,,,,,,,,,,3780.9,NO-ESTIMATION,NO-ESTIMATION,NO-ESTIMATION,NO-ESTIMATION,CAPACITY-FACTOR-V1
18381,PHL,Philippines,Mariveles Solar,WRI1030471,18.0,14.4503,120.5355,Solar,,,,2017.0,Next Generation Power Technology Corporation,Philippines Department of Energy,https://www.doe.gov.ph/list-existing-power-plants,WRI,,,,,,,,,,,,,,,24.42,NO-ESTIMATION,NO-ESTIMATION,NO-ESTIMATION,NO-ESTIMATION,CAPACITY-FACTOR-V1
18382,PHL,Philippines,Masinloc power station,WRI1001871,660.0,15.5645,119.9233,Coal,,,,1998.0,SMC Global Power,GCPT,https://endcoal.org/global-coal-plant-tracker/,GEODB,1023529,,,,,,,,,,,,,,4158.99,NO-ESTIMATION,NO-ESTIMATION,NO-ESTIMATION,NO-ESTIMATION,CAPACITY-FACTOR-V1
18383,PHL,Philippines,Mindanao Steag power station,WRI1001962,232.0,8.5725,124.7573,Coal,,,,2006.0,STEAG State Power Inc,GCPT,https://endcoal.org/global-coal-plant-tracker/,GEODB,1051729,,,,,,,,,,,,,,1461.95,NO-ESTIMATION,NO-ESTIMATION,NO-ESTIMATION,NO-ESTIMATION,CAPACITY-FACTOR-V1
18384,PHL,Philippines,Misamis Oriental power station,WRI1029968,405.0,8.5601,124.7465,Coal,,,,2016.0,FDC Misimas Power Corp,GCPT,https://endcoal.org/global-coal-plant-tracker/,WRI,1099105,,,,,,,,,,,,,,2552.11,NO-ESTIMATION,NO-ESTIMATION,NO-ESTIMATION,NO-ESTIMATION,CAPACITY-FACTOR-V1
18385,PHL,Philippines,Montesol,WKS0065753,18.0,9.636,123.095,Solar,,,,,,Wiki-Solar,https://www.wiki-solar.org,Wiki-Solar,,,,,,,,,,,33.05,31.71,39.89,38.2,30.01,SOLAR-V1-NO-AGE,SOLAR-V1-NO-AGE,SOLAR-V1-NO-AGE,SOLAR-V1-NO-AGE,SOLAR-V1-NO-AGE
18386,PHL,Philippines,Morong Solar,WRI1030485,5.0,14.6912,120.2667,Solar,,,,2017.0,SPARC Solar Powered Agri-Rural Communities Corporation,Philippines Department of Energy,https://www.doe.gov.ph/list-existing-power-plants,WRI,,,,,,,,,,,,,,,6.78,NO-ESTIMATION,NO-ESTIMATION,NO-ESTIMATION,NO-ESTIMATION,CAPACITY-FACTOR-V1
18387,PHL,Philippines,NAC DPP,WRI1030490,10.9,9.7189,125.5081,Oil,,,,2017.0,Nickel Asia Corporation,Philippines Department of Energy,https://www.doe.gov.ph/list-existing-power-plants,WRI,,,,,,,,,,,,,,,8.39,NO-ESTIMATION,NO-ESTIMATION,NO-ESTIMATION,NO-ESTIMATION,CAPACITY-FACTOR-V1
18388,PHL,Philippines,Naga power complex,WRI1075847,311.0,10.2175,123.7606,Coal,,,,2001.0,SPC Power Corp,GCPT,https://endcoal.org/global-coal-plant-tracker/,GCPT,,,,,,,,,,,,,,,1959.76,NO-ESTIMATION,NO-ESTIMATION,NO-ESTIMATION,NO-ESTIMATION,CAPACITY-FACTOR-V1
18389,PHL,Philippines,PACERM-1,WRI1030491,10.5,8.5577,124.508,Oil,,,,2016.0,PACERM-1 Energy Corporation,Philippines Department of Energy,https://www.doe.gov.ph/list-existing-power-plants,WRI,,,,,,,,,,,,,,,8.08,NO-ESTIMATION,NO-ESTIMATION,NO-ESTIMATION,NO-ESTIMATION,CAPACITY-FACTOR-V1
18390,PHL,Philippines,PALINPINON GPP,WRI1001941,192.5,9.3031,123.2141,Geothermal,,,,,,Philippines Department of Energy,https://www.doe.gov.ph/list-existing-power-plants,GEODB,1023554,,,,,,,,,,,,,,1017.29,NO-ESTIMATION,NO-ESTIMATION,NO-ESTIMATION,NO-ESTIMATION,CAPACITY-FACTOR-V1
18391,PHL,Philippines,PANTABANGAN-MASIWAY,WRI1001901,132.0,15.8107,121.109,Hydro,,,,,,Philippines Department of Energy,https://www.doe.gov.ph/list-existing-power-plants,GEODB,1023530,,,,,,,,,,316.87,393.06,273.74,342.11,368.09,HYDRO-V1,HYDRO-V1,HYDRO-V1,HYDRO-V1,HYDRO-V1
18392,PHL,Philippines,PB 101,WRI1001931,32.0,11.5301,122.3975,Oil,,,,,,Philippines Department of Energy,https://www.doe.gov.ph/list-existing-power-plants,CARMA,,,,,,,,,,,,,,,24.65,NO-ESTIMATION,NO-ESTIMATION,NO-ESTIMATION,NO-ESTIMATION,CAPACITY-FACTOR-V1
18393,PHL,Philippines,PB 104,WRI1001951,32.0,7.0731,125.6128,Oil,,,,,,Philippines Department of Energy,https://www.doe.gov.ph/list-existing-power-plants,CARMA,,,,,,,,,,,,,,,24.65,NO-ESTIMATION,NO-ESTIMATION,NO-ESTIMATION,NO-ESTIMATION,CAPACITY-FACTOR-V1
18394,PHL,Philippines,PCPC,WRI1029966,135.0,11.1872,123.121,Coal,,,,2016.0,Palm Concepcion Power Corporation (PCPC),Philippines Department of Energy,https://www.doe.gov.ph/list-existing-power-plants,WRI,,,,,,,,,,,,,,,850.7,NO-ESTIMATION,NO-ESTIMATION,NO-ESTIMATION,NO-ESTIMATION,CAPACITY-FACTOR-V1
18395,PHL,Philippines,PEDC Coal,WRI1001923,314.0,10.7235,122.5961,Coal,,,,,,Philippines Department of Energy,https://www.doe.gov.ph/list-existing-power-plants,WRI,,,,,,,,,,,,,,,1978.67,NO-ESTIMATION,NO-ESTIMATION,NO-ESTIMATION,NO-ESTIMATION,CAPACITY-FACTOR-V1
18396,PHL,Philippines,PETERSVILLE DPP,WRI1001913,9.0,15.15,120.5833,Oil,,,,,,Philippines Department of Energy,https://www.doe.gov.ph/list-existing-power-plants,CARMA,1010181,,,,,,,,,,,,,,6.93,NO-ESTIMATION,NO-ESTIMATION,NO-ESTIMATION,NO-ESTIMATION,CAPACITY-FACTOR-V1
18397,PHL,Philippines,PULANGI 4,WRI1001961,255.0,7.7156,125.0236,Hydro,,,,,,Philippines Department of Energy,https://www.doe.gov.ph/list-existing-power-plants,GEODB,1023564,,,,,,,,,,654.52,787.29,524.47,676.99,835.44,HYDRO-V1,HYDRO-V1,HYDRO-V1,HYDRO-V1,HYDRO-V1
18398,PHL,Philippines,Pagbilao power station,WRI1001869,1154.0,13.8932,121.745,Coal,,,,2004.0,Team Energy Corp  Therma Power,GCPT,https://endcoal.org/global-coal-plant-tracker/,GEODB,1013255,,,,,,,,,,,,,,7271.94,NO-ESTIMATION,NO-ESTIMATION,NO-ESTIMATION,NO-ESTIMATION,CAPACITY-FACTOR-V1
18399,PHL,Philippines,Palauig Solar,WRI1023906,5.0,15.4408,119.9856,Solar,,,,2016.0,SPARC Solar Powered Agri-Rural Communities Corp.,Philippines Department of Energy,https://www.doe.gov.ph/list-existing-power-plants,WRI,,,,,,,,,,,,,,,9.49,NO-ESTIMATION,NO-ESTIMATION,NO-ESTIMATION,NO-ESTIMATION,SOLAR-V1
18400,PHL,Philippines,Petrosolar,WRI1023898,50.1,15.4467,120.618,Solar,,,,2016.0,PetroSolar Corporation,Philippines Department of Energy,https://www.doe.gov.ph/list-existing-power-plants,WRI,,,,,,,,,,,,,,,92.97,NO-ESTIMATION,NO-ESTIMATION,NO-ESTIMATION,NO-ESTIMATION,SOLAR-V1
18401,PHL,Philippines,Quezon power station,WRI1001873,440.0,14.2296,121.7558,Coal,,,,2000.0,Quezon Power Co,GCPT,https://endcoal.org/global-coal-plant-tracker/,GEODB,1024714,,,,,,,,,,,,,,2772.66,NO-ESTIMATION,NO-ESTIMATION,NO-ESTIMATION,NO-ESTIMATION,CAPACITY-FACTOR-V1
18402,PHL,Philippines,Raslag,WKS0064259,10.0,15.132,120.635,Solar,,,,,,Wiki-Solar,https://www.wiki-solar.org,Wiki-Solar,,,,,,,,,,,17.99,18.81,20.27,17.89,17.79,SOLAR-V1-NO-AGE,SOLAR-V1-NO-AGE,SOLAR-V1-NO-AGE,SOLAR-V1-NO-AGE,SOLAR-V1-NO-AGE
18403,PHL,Philippines,Raslag 2,WKS0066180,13.2,15.132,120.635,Solar,,,,,,Wiki-Solar,https://www.wiki-solar.org,Wiki-Solar,,,,,,,,,,,24.33,26.34,29.38,24.66,24.2,SOLAR-V1-NO-AGE,SOLAR-V1-NO-AGE,SOLAR-V1-NO-AGE,SOLAR-V1-NO-AGE,SOLAR-V1-NO-AGE
18404,PHL,Philippines,SACASOL P1,WRI1001948,21.0,10.5158,123.4351,Solar,,,,,,Philippines Department of Energy,https://www.doe.gov.ph/list-existing-power-plants,WRI,1099858,,,,,,,,,,38.74,36.72,46.42,43.59,35.54,SOLAR-V1-NO-AGE,SOLAR-V1-NO-AGE,SOLAR-V1-NO-AGE,SOLAR-V1-NO-AGE,SOLAR-V1-NO-AGE
18405,PHL,Philippines,SAN CARLOS,WRI1001945,8.3,10.9844,122.7711,Biomass,,,,,,Philippines Department of Energy,https://www.doe.gov.ph/list-existing-power-plants,CARMA,1064119,,,,,,,,,,,,,,,NO-ESTIMATION,NO-ESTIMATION,NO-ESTIMATION,NO-ESTIMATION,NO-ESTIMATION
18406,PHL,Philippines,SAN LORENZO,WRI1001887,530.0,13.7717,124.0349,Gas,,,,,,Philippines Department of Energy,https://www.doe.gov.ph/list-existing-power-plants,WRI,1017046,,,,,,,,,,,,,,3809.37,NO-ESTIMATION,NO-ESTIMATION,NO-ESTIMATION,NO-ESTIMATION,CAPACITY-FACTOR-V1
18407,PHL,Philippines,SAN ROQUE,WRI1001894,411.0,16.1462,120.6837,Hydro,,,,,,Philippines Department of Energy,https://www.doe.gov.ph/list-existing-power-plants,GEODB,1023567,,,,,,,,,,917.46,1257.74,913.93,1017.63,1128.18,HYDRO-V1,HYDRO-V1,HYDRO-V1,HYDRO-V1,HYDRO-V1
18408,PHL,Philippines,SCPC U1,WRI1030470,300.0,14.5247,120.5964,Coal,,,,2017.0,San Miguel Consolidated Power Corporation,Philippines Department of Energy,https://www.doe.gov.ph/list-existing-power-plants,WRI,,,,,,,,,,,,,,,1890.45,NO-ESTIMATION,NO-ESTIMATION,NO-ESTIMATION,NO-ESTIMATION,CAPACITY-FACTOR-V1
18409,PHL,Philippines,SEC,WRI1023892,118.0,5.871,125.0789,Coal,,,,2016.0,Sarangani Energy Corporation (SEC),Philippines Department of Energy,https://www.doe.gov.ph/list-existing-power-plants,WRI,,,,,,,,,,,,,,,743.57,NO-ESTIMATION,NO-ESTIMATION,NO-ESTIMATION,NO-ESTIMATION,CAPACITY-FACTOR-V1
18410,PHL,Philippines,SLPGC,WRI1023890,300.0,13.9201,120.8265,Coal,,,,2016.0,South Luzon Thermal Energy Corporation,Philippines Department of Energy,https://www.doe.gov.ph/list-existing-power-plants,WRI,,,,,,,,,,,,,,,1890.45,NO-ESTIMATION,NO-ESTIMATION,NO-ESTIMATION,NO-ESTIMATION,CAPACITY-FACTOR-V1
18411,PHL,Philippines,SLTEC Putting Bato,WRI1023889,270.0,13.9328,120.7909,Coal,,,,2016.0,South Luzon Thermal Energy Corporation,Philippines Department of Energy,https://www.doe.gov.ph/list-existing-power-plants,WRI,,,,,,,,,,,,,,,1701.4,NO-ESTIMATION,NO-ESTIMATION,NO-ESTIMATION,NO-ESTIMATION,CAPACITY-FACTOR-V1
18412,PHL,Philippines,SPPC,WRI1001950,59.0,6.1018,125.2905,Oil,,,,,,Philippines Department of Energy,https://www.doe.gov.ph/list-existing-power-plants,CARMA,1046858,,,,,,,,,,,,,,45.45,NO-ESTIMATION,NO-ESTIMATION,NO-ESTIMATION,NO-ESTIMATION,CAPACITY-FACTOR-V1
18413,PHL,Philippines,STA RITA,WRI1001885,1060.0,13.7703,121.035,Gas,,,,,,Philippines Department of Energy,https://www.doe.gov.ph/list-existing-power-plants,GEODB,,,,,,,,,,,,,,,7618.75,NO-ESTIMATION,NO-ESTIMATION,NO-ESTIMATION,NO-ESTIMATION,CAPACITY-FACTOR-V1
18414,PHL,Philippines,SUBIC DPP,WRI1001877,116.0,14.88,120.2343,Oil,,,,,,Philippines Department of Energy,https://www.doe.gov.ph/list-existing-power-plants,CARMA,1016537,,,,,,,,,,,,,,89.36,NO-ESTIMATION,NO-ESTIMATION,NO-ESTIMATION,NO-ESTIMATION,CAPACITY-FACTOR-V1
18415,PHL,Philippines,SaCaSol 1B,WKS0064334,9.0,10.523,123.43,Solar,,,,,,Wiki-Solar,https://www.wiki-solar.org,Wiki-Solar,,,,,,,,,,,16.56,16.0,18.43,17.12,15.41,SOLAR-V1-NO-AGE,SOLAR-V1-NO-AGE,SOLAR-V1-NO-AGE,SOLAR-V1-NO-AGE,SOLAR-V1-NO-AGE
18416,PHL,Philippines,SaCaSol 1C/D,WKS0064793,23.0,10.523,123.43,Solar,,,,,,Wiki-Solar,https://www.wiki-solar.org,Wiki-Solar,,,,,,,,,,,41.4,39.05,50.61,47.54,38.04,SOLAR-V1-NO-AGE,SOLAR-V1-NO-AGE,SOLAR-V1-NO-AGE,SOLAR-V1-NO-AGE,SOLAR-V1-NO-AGE
18417,PHL,Philippines,Sacasun,WRI1023910,59.0,10.5116,123.4351,Solar,,,,2016.0,San Carlos Sun Power Inc.,Philippines Department of Energy,https://www.doe.gov.ph/list-existing-power-plants,WRI,,,,,,,,,,,,,,,94.3,NO-ESTIMATION,NO-ESTIMATION,NO-ESTIMATION,NO-ESTIMATION,SOLAR-V1
18418,PHL,Philippines,San Francisco PH,WKS0070648,10.0,8.485,125.895,Solar,,,,,,Wiki-Solar,https://www.wiki-solar.org,Wiki-Solar,,,,,,,,,,,17.75,17.71,19.1,18.52,16.7,SOLAR-V1-NO-AGE,SOLAR-V1-NO-AGE,SOLAR-V1-NO-AGE,SOLAR-V1-NO-AGE,SOLAR-V1-NO-AGE
18419,PHL,Philippines,San Gabriel,WRI1029961,450.0,13.7769,121.0261,Gas,,,,2016.0,First NatGas Power Corp.,Philippines Department of Energy,https://www.doe.gov.ph/list-existing-power-plants,WRI,1066595,,,,,,,,,,,,,,3234.37,NO-ESTIMATION,NO-ESTIMATION,NO-ESTIMATION,NO-ESTIMATION,CAPACITY-FACTOR-V1
18420,PHL,Philippines,San Ildefonso,WKS0068487,15.0,15.004,121.028,Solar,,,,,,Wiki-Solar,https://www.wiki-solar.org,Wiki-Solar,,,,,,,,,,,27.47,29.84,33.3,28.33,27.66,SOLAR-V1-NO-AGE,SOLAR-V1-NO-AGE,SOLAR-V1-NO-AGE,SOLAR-V1-NO-AGE,SOLAR-V1-NO-AGE
18421,PHL,Philippines,San Luis,WRI1030472,1.0,15.6854,121.4748,Hydro,,,,2017.0,Epower Technologies Corp.,Philippines Department of Energy,https://www.doe.gov.ph/list-existing-power-plants,WRI,1058810,,,,,,,,,,2.95,3.45,3.34,3.82,3.4,HYDRO-V1,HYDRO-V1,HYDRO-V1,HYDRO-V1,HYDRO-V1
18422,PHL,Philippines,San Rafael Solar,WRI1030486,3.8,15.0074,120.973,Solar,,,,2017.0,SPARC Solar Powered Agri-Rural Communities Corporation,Philippines Department of Energy,https://www.doe.gov.ph/list-existing-power-plants,WRI,,,,,,,,,,,,,,,5.15,NO-ESTIMATION,NO-ESTIMATION,NO-ESTIMATION,NO-ESTIMATION,CAPACITY-FACTOR-V1
18423,PHL,Philippines,Saranay,WKS0070671,10.0,15.82,120.965,Solar,,,,,,Wiki-Solar,https://www.wiki-solar.org,Wiki-Solar,,,,,,,,,,,17.84,18.37,20.24,17.15,17.9,SOLAR-V1-NO-AGE,SOLAR-V1-NO-AGE,SOLAR-V1-NO-AGE,SOLAR-V1-NO-AGE,SOLAR-V1-NO-AGE
18424,PHL,Philippines,Sarrat Solar,WRI1030487,1.0,18.1359,120.6762,Solar,,,,2017.0,Bosung Solartec Ic (BOSUNG),Philippines Department of Energy,https://www.doe.gov.ph/list-existing-power-plants,WRI,,,,,,,,,,,,,,,1.35,NO-ESTIMATION,NO-ESTIMATION,NO-ESTIMATION,NO-ESTIMATION,CAPACITY-FACTOR-V1
18425,PHL,Philippines,Sepalco,WRI1029967,45.0,11.121,124.9723,Solar,,,,2016.0,Sulu Electric Power and Light Inc.,Philippines Department of Energy,https://www.doe.gov.ph/list-existing-power-plants,WRI,,,,,,,,,,,,,,,74.38,NO-ESTIMATION,NO-ESTIMATION,NO-ESTIMATION,NO-ESTIMATION,SOLAR-V1
18426,PHL,Philippines,Silay Solar,WRI1023912,25.0,10.8055,122.9908,Solar,,,,2016.0,Megawatt Clean Energy (MCEI),Philippines Department of Energy,https://www.doe.gov.ph/list-existing-power-plants,WRI,1111968,,,,,,,,,,,,,,41.02,NO-ESTIMATION,NO-ESTIMATION,NO-ESTIMATION,NO-ESTIMATION,SOLAR-V1
18427,PHL,Philippines,Sta. Rita Solar,WRI1029962,7.1,14.8052,120.3634,Solar,,,,2016.0,JOBIN,Philippines Department of Energy,https://www.doe.gov.ph/list-existing-power-plants,WRI,,,,,,,,,,,,,,,12.54,NO-ESTIMATION,NO-ESTIMATION,NO-ESTIMATION,NO-ESTIMATION,SOLAR-V1
18428,PHL,Philippines,Sual power station,WRI1001872,1218.0,16.1243,120.1012,Coal,,,,1999.0,SMC Global Power Holdings Corp.,GCPT,https://endcoal.org/global-coal-plant-tracker/,GEODB,1013257,,,,,,,,,,,,,,7675.23,NO-ESTIMATION,NO-ESTIMATION,NO-ESTIMATION,NO-ESTIMATION,CAPACITY-FACTOR-V1
18429,PHL,Philippines,Surallah 12,WKS0062558,12.0,6.34,124.74,Solar,,,,,,Wiki-Solar,https://www.wiki-solar.org,Wiki-Solar,,,,,,,,,,,22.01,23.21,25.36,24.69,21.46,SOLAR-V1-NO-AGE,SOLAR-V1-NO-AGE,SOLAR-V1-NO-AGE,SOLAR-V1-NO-AGE,SOLAR-V1-NO-AGE
18430,PHL,Philippines,TIWI,WRI1001890,234.0,13.4655,123.6486,Geothermal,,,,,,Philippines Department of Energy,https://www.doe.gov.ph/list-existing-power-plants,GEODB,1025521,,,,,,,,,,,,,,1236.61,NO-ESTIMATION,NO-ESTIMATION,NO-ESTIMATION,NO-ESTIMATION,CAPACITY-FACTOR-V1
18431,PHL,Philippines,TOLEDO POWER CORP. (Sangi Sta),WRI1001920,88.8,10.3871,123.6401,Coal,,,,,,Philippines Department of Energy,https://www.doe.gov.ph/list-existing-power-plants,GEODB,1031810,,,,,,,,,,,,,,559.57,NO-ESTIMATION,NO-ESTIMATION,NO-ESTIMATION,NO-ESTIMATION,CAPACITY-FACTOR-V1
18432,PHL,Philippines,Tanauan,WKS0070613,50.0,14.14,121.1,Solar,,,,,,Wiki-Solar,https://www.wiki-solar.org,Wiki-Solar,,,,,,,,,,,89.35,95.52,112.6,92.65,91.61,SOLAR-V1-NO-AGE,SOLAR-V1-NO-AGE,SOLAR-V1-NO-AGE,SOLAR-V1-NO-AGE,SOLAR-V1-NO-AGE
18433,PHL,Philippines,UNIFIED LEYTE,WRI1001943,610.2,11.1308,124.6553,Geothermal,,,,,,Philippines Department of Energy,https://www.doe.gov.ph/list-existing-power-plants,GEODB,,,,,,,,,,,,,,,3224.7,NO-ESTIMATION,NO-ESTIMATION,NO-ESTIMATION,NO-ESTIMATION,CAPACITY-FACTOR-V1
18434,PHL,Philippines,UPPC,WRI1030480,30.0,14.8952,120.7715,Coal,,,,1998.0,United Pulp & Paper Co. Inc,Philippines Department of Energy,https://www.doe.gov.ph/list-existing-power-plants,WRI,,,,,,,,,,,,,,,189.04,NO-ESTIMATION,NO-ESTIMATION,NO-ESTIMATION,NO-ESTIMATION,CAPACITY-FACTOR-V1
18435,PHL,Philippines,Valenzuela Solar,WRI1023903,9.0,14.7019,120.954,Solar,,,,2016.0,Valenzuela Solar Energy Inc. Absolut Distillers Inc.,Philippines Department of Energy,https://www.doe.gov.ph/list-existing-power-plants,WRI,1111032,,,,,,,,,,,,,,15.78,NO-ESTIMATION,NO-ESTIMATION,NO-ESTIMATION,NO-ESTIMATION,SOLAR-V1
18436,PHL,Philippines,WMPC,WRI1001954,113.0,7.0694,122.2014,Oil,,,,,,Philippines Department of Energy,https://www.doe.gov.ph/list-existing-power-plants,CARMA,1033310,,,,,,,,,,,,,,87.05,NO-ESTIMATION,NO-ESTIMATION,NO-ESTIMATION,NO-ESTIMATION,CAPACITY-FACTOR-V1
18437,PHL,Philippines,YH Green,WRI1023899,14.5,14.8323,120.4476,Solar,,,,2016.0,YH Green Energy incorporated,Philippines Department of Energy,https://www.doe.gov.ph/list-existing-power-plants,WRI,,,,,,,,,,,,,,,27.41,NO-ESTIMATION,NO-ESTIMATION,NO-ESTIMATION,NO-ESTIMATION,SOLAR-V1
